NO ABSEN,NAMA,BIDANG KERJA EXISTING,KLAUSUL TUGAS,CONTOH TEMUAN,,,,,TINDAKAN PENCEGAHAN,JENIS TEMUAN,,,,
,,,,PROBLEM / PERNYATAAN TEMUAN (P),LOKASI  PERMASALAHAN YANG DITEMUKAN / AUDITEE (L),PENYEBAB TEMUAN,OBJECTIVE EVIDENCE / TINDAKAN PERBAIKAN (O),"REQUIREMENT / ACUAN PERSYARATAN  (R)
(detil klausul berapa, misal 4.1.2)",,MAYOR,MINOR,"PI 
(Oportunity for Impovement)",,EVALUASI DARI PAK HILMAN 
1,AZIZ ANALUKMAN,K3 dan Kam,4,"Ditemukan pada saat audit di Dept. Keamanan Kantor, bahwa analisis isu internal dan eksternal belum memasukkan risiko gangguan keamanan fisik skala besar (seperti demonstrasi massa di area sekitar kantor, ancaman bom, atau penyusupan area vital) sebagai potensi ancaman kelangsungan usaha.",Ruang Control Room CCTV,Analisis konteks keamanan saat ini masih berfokus pada potensi pencurian rutin harian dan belum mempertimbangkan skenario krisis/skala besar.,Merevisi dokumen analisis konteks keamanan kantor dengan memasukkan skenario ancaman keamanan eksternal & internal skala besar.,Klausul 4.1 Memahami Isu Internal & Eksternal ,Mengintegrasikan hasil pemetaan risiko ancaman wilayah (security threat assessment) dari kepolisian setempat ke dalam analisis konteks tahunan.,,✓,,,
2,ADHI SUKMOYO,K3 dan Kam,5,"Ditemukan pada saat audit di Unit Kerja K3L, bahwa Dokumen Kebijakan Kelangsungan Usaha & K3L (BCMS & HSE Policy) belum ditandatangani oleh General Manager sejak revisi 8 bulan lalu dan belum disosialisasikan ke unit kerja lapangan.",Unit kerja K3L,"Terjadinya pergantian General Manager baru, namun pendelegasian pengesahan dokumen kebijakan K3L SMKU terlambat diproses.",Mengajukan pengesahan Kebijakan K3L SMKU terbaru kepada General Manager dan mendistribusikannya ke seluruh unit kerja.,Klausul 5.2 Penetapan Kebijakan Kelangsungan Usaha ,Menetapkan Prosedur Operasional Standar (SOP) Manajemen Perubahan (Management of Change) untuk pembaruan dokumen kebijakan secara otomatis jika terjadi pergantian General Manager (Top Management).,,✓,,,
3,INTAN PRADINA SAVITRI,Perencanaan,6,simulasi BCP tidak dilakukan 2 kali dalam 1 tahun,UID,tidak adanya pemantauan simulasi BCP yang dilakukan dalam 1 tahun,"Agar melakukan simulasi BCP, sehingga jumlah simulasi BCP terpenuhi 2 kali dalam 1 tahun",Klausal 6.2 Penetapan Sasaran kelangsungan usaha,dilakukan pembahasan bersama / evaluasi dan ceklist kegiatan (evidence) yang mendukung kinerja,,,✓,,
4,IDDHA PERTIWI,K3 dan Kam,7,"Ditemukan pada saat audit di Unit Kerja K3L, bahwa daftar kontak komunikasi darurat K3L eksternal (seperti Dinas Pemadam Kebakaran, RS Rujukan K3L, dan Dinas Lingkungan Hidup) belum diperbarui sejak 1 tahun lalu dan 2 nomor tidak aktif.",Pos Satpam / Ruang Kontrol K3L,"- Tidak ada jadwal peninjauan berkala untuk pembaruan informasi komunikasi eksternal K3L
- Belum ditetapkannya prosedur peninjauan berkala untuk verifikasi kontak darurat K3L pihak eksternal.",Memperbarui seluruh daftar kontak darurat K3L internal & eksternal dan mendistribusikan salinan terbarunya.,Klausul 7.4 Komunikasi / Communication ,Melakukan uji coba panggilan (call-tree test) dan verifikasi nomor kontak darurat K3L secara rutin setiap 6 bulan sekali.,,✓,,,
5,MUCH RIFQI,Lingkungan,8,Pengendalian operasional untuk menjaga keberlangsungan kegiatan pemantauan lingkungan saat terjadi gangguan belum ditetapkan secara memadai.,Unit Kerja Lingkungan,Kebutuhan kontinuitas pada kegiatan pemantauan lingkungan belum diidentifikasi secara lengkap.,Belum tersedia prosedur alternatif apabila kegiatan pemantauan kualitas air/udara tidak dapat dilakukan sesuai jadwal akibat gangguan operasional.,ISO 22301:2019 Klausul 8.1 – Perencanaan dan Pengendalian Operasional,"Menetapkan prosedur alternatif pemantauan lingkungan, termasuk personel, metode, peralatan, dan jadwal pengganti.",,✓,,,
6,ERWIN RAY,K3 dan Kam,7,"Ditemukan pada saat audit di Bidang Keamanan Unit Pengatur Distribusi Objek Vital Nasional, bahwa analisis sumber daya belum memasukkan analisa resiko keamanan terkait potensi ancaman Bom dan Sabotase pada Server SCADA sebagai potensi ancaman Keberlangsungan Usaha",Server SCADA dan CCTV Room Control,"Analisis konteks keamanan saat ini masih berfokus pada potensi pencurian, kebakaran, dan bencana. Belum mempertimbangkan skenario krisis/skala besar.",Mengupdate Potensi Resiko Keamanan serta melakukan penebalan/barir pengecekan keamanan di pintu masuk utama. serta menambahkan personil dari kepolisian untuk melakukan Jaspam pada obvitnas tersebut ,Klausul 7.1 : Sumber Daya ,Melaksanakan Simulasi Ancaman Bom dan Teror Rutin 1 tahun sekali dengan BRIMOB  ,,✓,,,
7,MIRZA  ADNAN HAFIYAN,Perencanaan,10,"Berdasarkan hasil simulasi gangguan STI, ditemukan bahwa proses pemulihan aplikasi kritikal membutuhkan waktu 5 jam, sedangkan target pemulihan yang ditetapkan adalah maksimal 2 jam",Bagian STI,"Setelah dilakukan evaluasi, diketahui bahwa proses recovery masih dilakukan secara manual dan membutuhkan beberapa tahapan koordinasi antar tim","Sebagai tindakan perbaikan, Unit IT melakukan otomatisasi proses recovery, memperbarui prosedur Disaster Recovery Plan (DRP), serta meningkatkan kapasitas infrastruktur backup. Setelah dilakukan simulasi ulang, waktu pemulihan berhasil menjadi 1,5 jam sehingga telah memenuhi target yang ditetapkan",Klausul 10.2 - Perbaikan Berkelanjutan (Continual Improvement ),Meningkatkan kapasitas infrastruktur backup dan otomatisasi recovery,,✓,,,
8,INEZ CARISSA ABYATI,Perencanaan,4,"Ketergantungan fungsi pemantauan dan koordinasi HSSE pada satu Control Center belum diidentifikasi dalam analisis konteks SMKU, sehingga dampak apabila lokasi tersebut tidak dapat digunakan belum dipertimbangkan.",Bagian K3L,HSSE Control CenterPeninjauan isu internal yang relevan terhadap keberlangsungan fungsi HSSE belum mencakup ketergantungan pada lokasi dan fasilitas Control Center.,"Berdasarkan pemeriksaan fasilitas dan dokumen keberlangsungan fungsi, belum ditemukan penetapan lokasi alternatif, perangkat pendukung, serta mekanisme pengalihan kegiatan HSSE Control Center apabila lokasi utama tidak dapat digunakan.",ISO 22301:2019 Klausul 4.1 — Memahami organisasi dan konteksnya,"Center, memilih lokasi atau mekanisme kerja alternatif, menyediakan sarana pendukung yang diperlukan, serta menguji mekanisme pengalihannya secara berkala.",,✓,,,
9,PUTIKA DIAH RAHMADANI,Perencanaan,5,Mekanisme eskalasi penanganan keluhan pelanggan saat terjadi gangguan belum ditetapkan secara jelas.,Bagian Niaga dan Manajemen Pelanggan,"Belum dilakukan penetapan dan sosialisasi secara formal mengenai peran, kewenangan, serta alur eskalasi penanganan keluhan pelanggan pada kondisi gangguan kepada petugas terkait.","Dokumen analisis konteks SMKU belum memuat ketergantungan pada HSSE Control Center dan dampak apabila lokasi utama tidak dapat digunakan. Berdasarkan pemeriksaan, belum tersedia fasilitas atau mekanisme kerja cadangan.","ISO 22301:2019 Klausul 5.1 – Leadership and Commitment, terkait tanggung jawab manajemen dalam memastikan sistem memperoleh dukungan, arahan, dan sumber daya yang diperlukan.","Memutakhirkan analisis konteks dengan mengidentifikasi ketergantungan fungsi HSSE pada Control Center, menilai dampak gangguan pada lokasi utama, dan menetapkan tindak lanjut untuk menjaga keberlangsungan fungsi tersebut.",,✓,,,
10,RAMADHANI ARI SRIUTOMO,Lingkungan,6,Sasaran kelangsungan bisnis untuk pemulihan infrastruktur penunjang lingkungan (seperti instalasi pengolahan limbah cair) belum memiliki target indikator waktu pemulihan (RTO) yang spesifik.,Bagian K3L,Kurangnya koordinasi antara tim manajemen risiko korporat dan pengelola lingkungan unit dalam menurunkan target ketahanan operasional infrastruktur penunjang.,"Dokumen sasaran kerja tahunan bidang K3L hanya berfokus pada kepatuhan regulasi rutin, tanpa menetapkan target Recovery Time Objective (RTO) apabila terjadi gangguan fatal pada fasilitas pengelolaan limbah.",Klausul 6.2 (Sasaran Kelangsungan Bisnis dan Rencana untuk Mencapainya),Menyusun penetapan target kinerja pemulihan (RTO/RPO) untuk fasilitas dan infrastruktur lingkungan kritis di lingkungan unit PLN.,,✓,,,
11,YULIA PUSPITA INDRIANI,Man Risk & Kepatuhan,7,"Tidak tersedianya Pemetaan Vegetasi pada di sekitar aset-aset jaringan distrubusi krusial yang disertai dengan potensi kemungkinan terjadinya kebakaran serta Perencanaan Pelaksanaannya pada tahun 2023-2026, sedangkan BCP dan BIA telah disusun sejak tahun 2023 dan Bencana Kebakaran termasuk di dalamnya.",Bagian Jaringan,Belum dilakukannya pemetaan wilayah-wilayah yang berpotensi besar untuk terjadi insiden Kebakaran yang dapat merusak aset PLN dan mengganggu penyaluran Tenaga Listrik kepada pelanggan,"- Dilakukan penyusunan Pemetaan Vegetasi pada di sekitar aset-aset jaringan distrubusi  krusial yang disertai dengan potensi kemungkinan terjadinya kebakaran.
- Disusun workplan penyusunan Pemetaan Vegetasi
- Analisa dan Pengusulan Pengadanaan Peralatan Pemadam Kebakaran untuk kondisi Darurat di lapangan (lingkungan berpotensi tinggi kebakaran)","Klausul 7.1 Organisasi harus menentukan dan menyediakan sumber daya yang diperlukan untuk pembentukan, penerapan, pemeliharaan, dan peningkatan berkelanjutan dari BCMS",Dilakukan evaluasi secara berkala Peta Vegetasi pada di sekitar aset-aset jaringan distrubusi  krusial yang disertai dengan potensi kemungkinan terjadinya kebakaran disertai Penilaian Kemungkinan dan Dampak serta potensi kerugiannya,✓,,,,
12,MUHAMMAD RIDHA,Man Risk & Kepatuhan,8,"Business Continuity Plan (BCP) yang telah disusun oleh Bidang Niaga — mencakup Emergency Response Plan, Crisis Management Plan, dan Business Recovery Plan untuk skenario gangguan pelayanan pelanggan — belum pernah diuji melalui program latihan/simulasi (exercise) sejak dokumen tersebut diterbitkan, sehingga efektivitas rencana pemulihan proses bisnis kritikal Niaga belum dapat dipastikan.",Bidang Niaga – Bagian Pelayanan Pelanggan,Belum tersusun program/jadwal exercise (latihan dan simulasi) BCP Niaga secara terjadwal dan berkala; belum ada penetapan target pelaksanaan simulasi dalam rencana kerja tahunan Bidang Niaga.,"Dokumen BCP Niaga telah diterbitkan, namun tidak ditemukan laporan pelaksanaan simulasi/On Desk BCP, daftar hadir, maupun laporan evaluasi pasca-simulasi; wawancara dengan PIC BCM Bidang Niaga mengonfirmasi bahwa simulasi belum pernah dilaksanakan sejak dokumen disusun.",Klausul 8.5 (Exercise programme) ISO 22301:2019 — Organisasi harus melaksanakan program latihan dan pengujian yang mengonfirmasi bahwa strategi dan rencana keberlangsungan bisnisnya konsisten dengan tujuan keberlangsungan bisnis organisasi.,Menyusun program exercise BCP Niaga secara berkala (minimal 1 kali setahun) dalam bentuk On Desk BCP/table top exercise; menetapkan target pelaksanaan simulasi dalam rencana kerja tahunan; mendokumentasikan hasil simulasi dan tindak lanjut evaluasi sebagai bagian dari siklus pemeliharaan dokumen BCMS.,✓,,,,
13,ENJANG RAHMAN,Perencanaan,9,Realisasi Kinerja Unit tidak mencapai target yang telah ditetapkan dalam Kontrak Management,UP3 / UP2D / ULP ,Adanya beberapa KPI yang belum mencapai target,"- Dilakukan evaluasi kinerja secara berkala / cek point secara rutin dan terjadwal
- Dilakukan pematauan pencapaian kinerja melalui WIG Session mingguan
- Mengevaluasi dan memitigasi penyebab tidak tercapainya suatu KPI
",Klausul 9.3 (Management Review),Melakukan evaluasi berkala yang dipimpin langsung oleh Manajemen Puncak (GM) untuk meninjau seluruh kinerja secara menyeluruh dan mengambil keputusan strategis.,,✓,,,
14,AININA PRADIPTA,Perencanaan,10,Pekerjaan rehabilitasi kubikel melewati jadwal karena peralatan belum dapat dipadamkan akibat tingginya kebutuhan pelanggan. Perubahan jadwal belum sepenuhnya dievaluasi dan ditindaklanjuti,Gardu Induk,Tingginya kebutuhan pelanggan sehingga peralatan belum dapat dipadamkan sesuai jadwal,Jadwal rencana dan realisasi pekerjaan menunjukkan keterlambatan karena adanya penundaan pemadaman peralatan untuk menjaga kontinuitas pelayanan pelanggan,Klausul 10.1 (Ketidaksesuaian dan Tindakan Korektif),"Melakukan evaluasi keterlambatan jadwal pekerjaan, membuat dan menetapkan jadwal pengganti, mendokumentasikan perubahan serta monitoring pelaksanaan pekerjaan",,✓,,,
15,DOAN GITRA,Perencanaan,4,Rencana Operasi Tahunan (ROT) tidak bisa terlaksana sesuai dengan usulan penjadwalan ,UP2D - Bagian Rencana Operasi dan Pemeliharaan,"Terdapat beberapa konsumen Tegangan Menengah, seperti usaha di bidang insustri baja dan industri tekstil tidak bisa memberikan izin pekerjaan ","jadwal pemeliharaan pada sisi peralatan industri selalu berubah setiap tahun dan tidak bisa ditentukan dalam 3 bulan sebelum pelaksanaan, serta berkaitan dengan kinerja penjualan UP3 terkait.","Klausul 4.2 & 4.2.1 (Memahami kebutuhan dan harapan pihak berkepentingan 
/ umum)","Mengevaluasi dalam menyusun penjadwalan, menjaga komunikasi terhadap UP3 terkait dan Industri terkait, dan menyusun agenda untuk menetapkan realisasi pekerjaan agar menjadi kesepakatan bersama disetiap tahunnya.",,✓,"Unit yang berkaitan langsung terhadapa Konsumen Tegangan menengah, memberikan service excellent untuk menjaga kepercayaan pelanggan terhadapa PLN, salah satunya mendiskusikan untuk menyepakati pemeliharaan disisi PLN maupun pelanggan, agar pekerjaan pemeliharaan rutin tahunan menjadi terstruktur dan bulan pelaksanaan tidak berubah-ubah.",,
16,FRANCISKA BASAULI LUBIS,Perencanaan,5,Manajemen belum sepenuhnya memastikan kebutuhan kelangsungan fungsi SCADA diterapkan pada titik-titik yang membutuhkan,Gardu Middle Point (MP16-PENYULANG ABC),Belum ada arahan atau kriteria yang jelas terkait penerapan kebutuhan kelangsungan fungsi SCADA pada titik-titik yang membutuhkan.,Ditemukan pada Gardu Middle Point MP16 bahwa komunikasi SCADA hanya menggunakan satu jalur dan belum tersedia jalur komunikasi cadangan apabila jalur utama mengalami gangguan.,5.1 b – Manajemen puncak memastikan persyaratan SMKU terintegrasi ke dalam proses bisnis organisasi.,Manajemen menetapkan kriteria kebutuhan backup komunikasi SCADA dan memastikan penerapannya pada lokasi yang membutuhkan.,,✓,,,
17,JENG RETNO SETIANINGSIH,,6,,,,,,,,,,,
18,AGUNG HERMAWAN,Perencanaan,7,Terdapat alat ukur uji kwh meter yang kalibrasinya telah kadaluwarsa sejak 1 bulan yang lalu namun masih digunakan untuk pengujian kwh meter ,UP3/ULP,belum melakukan kalibrasi alat ukur ,melakukan pengajuan kalibrasi alat ukur dengan melampirkan surat usulan kalibrasi alat ukur,Klausul 7.1 : Sumber Daya ,Melakukan pengecekan secara rutin untuk pengajuan kalibrasi atau dibuatkan alarm waktu 1 bulan mendekati masa habis kalibrasi ,,✓,,,
19,NURLINA,K3L,8,Belum seluruh skenario keadaan darurat K3L diuji secara berkala untuk memastikan kesiapan menghadapi gangguan operasional.,UP3/ULP,Program latihan belum mencakup seluruh skenario risiko yang telah diidentifikasi.,"Jadwal simulasi, laporan pelaksanaan simulasi, daftar hadir dan hasil evaluasi menunjukkan belum seluruh skenario telah diuji. 
Tindakan Perbaikan : melengkapi program simulasi berdasarkan skenario risiko prioritas.",ISO 22301:2019 Klausul 8.5 – Exercise programme,Menetapkan matriks skenario latihan K3L dan jadwal pengujian berkala serta melakukan review setelah latihan.,,✓,,,
20,YUANITA RIZAL,,9,,,,,,,,,,,
21,SYUKRON MA'MUN,Perencanaan,8,Analisis dampak bisnis dan penilaian risiko belum mempertimbangkan skenario wabah penyakit menular berat (super flu) yang berpotensi menyebabkan ketidakhadiran personel dalam jumlah signifikan dan berdampak terhadap keberlangsungan proses bisnis kritis.,UP3/ULP,Identifikasi skenario gangguan belum mencakup perkembangan risiko penyakit menular/wabah yang dapat memengaruhi ketersediaan SDM dan kapasitas operasional.,"belum ditemukan skenario wabah penyakit menular berat serta analisis dampaknya terhadap ketersediaan personel, proses bisnis kritis, kebutuhan personel pengganti, dan kemampuan memenuhi target pemulihan. Tindakan perbaikan: melakukan review dan pembaruan BIA serta Risk Assessment dengan memasukkan skenario tersebut dan menentukan dampak, kebutuhan continuity, serta prioritas proses yang terdampak.","SNI ISO 22301:2019 Klausul 8.2, terkait pelaksanaan Business Impact Analysis (BIA) dan Risk Assessment untuk mengidentifikasi dampak gangguan dan risiko yang dapat memengaruhi keberlangsungan kegiatan yang didukung BCMS.",Melakukan review berkala terhadap BIA dan Risk Assessment dengan mempertimbangkan perubahan kondisi internal dan eksternal serta perkembangan risiko yang relevan.,,✓,"Mempertimbangkan pengembangan skenario wabah penyakit dengan beberapa tingkat eskalasi untuk menguji kecukupan kebutuhan personel, strategi continuity, dan kemampuan pencapaian RTO.",,
22,BRYAN HIDAYAT SOELAIMAN,Perencanaan,4,"Analisis isu eksternal telah mencantumkan ancaman risiko bencana alam (lokasi kantor/substation rawan banjir) dan kendala pasokan, namun pemantauan kondisi pemutakhiran data curah hujan dan peta kerawanan dari BMKG belum ditinjau ulang secara berkala.",Bagian K3L / Fasilitas Unit PLN,Mekanisme peninjauan berkala terhadap isu eksternal (bencana alam) belum dijadwalkan secara terstruktur dalam kalender manajemen.,"Data peta kerawanan banjir yang dilampirkan dalam kajian konteks organisasi masih menggunakan data versi 2 tahun lalu.
Tindakan Perbaikan Memutakhirkan peta kerawanan bencana alam dengan data BMKG/BPBD terbaru dalam dokumen kajian isu eksterna","Klausul 4.1 (Memahami Isu Internal & Eksternal)
- Isu Eksternal: Risiko bencana alam (lokasi kantor rawan banjir/gempa).",Menghubungkan update data isu eksternal lingkungan dengan instansi terkait secara periodik.,✓,,Pemutakhiran data bencana alam (peta banjir/BMKG) belum diperbarui secara teratur,,
23,WAHYU SATRIA,Perencanaan,5,"SK Tim Manajemen Krisis dan Tanggap Darurat masih mencantumkan nama pejabat lama yang sudah mutasi/pensiun, serta tidak ada kejelasan penetapan personel tunggal yang berwenang menjadi Juru Bicara/Humas (Spokesperson) saat krisis terjadi.",UP3/ULP,Belum tersedianya mekanisme update berkala (review cycle) terhadap SK Tim BCMS/Krisis apabila terjadi rotasi/mutasi pegawai di unit kerja,"SK Tim Krisis yang masih mencantumkan pejabat lama dan belum memuat rincian wewenang spesifik penghentian operasional darurat maupun penunjukan tunggal Spokesperson
Tindakan Perbaikan : Menerbitkan Keputusan/SK Tim BCMS & Manajemen Krisis Unit PLN yang baru dengan pemutakhiran susunan personel, rincian job description, serta penegasan wewenang Leader, Koordinator IT Recovery, dan Spokesperson.","Klausul 5.3 (Pembagian Peran, Tanggung Jawab, dan Wewenang):   Penetapan struktur organisasi khusus penanganan krisis/insiden beserta rincian tugas (job description) yang jelas.",Membuat Standard Operating Procedure (SOP) atau matriks evaluasi rutin (minimal 6 bulan sekali atau setiap ada mutasi pejabat) untuk peninjauan penetapan Tim Manajemen Krisis dan BCMS,,✓,Unit disarankan untuk melengkapi lampiran SK dengan matriks Alternate Role / Penanggung Jawab Cadangan untuk setiap posisi kunci (misal: menentukan pejabat back-up untuk Leader atau Spokesperson) agar alur pengambilan keputusan saat krisis tetap berjalan lancar tanpa hambatan.,,
24,WINNERYANTO DWI INDRA PUTRA,Perencanaan,6,Material yang direncanakan tidak sesuai dengan realisasi,Gudang/rantai pasok,keterbatasan stok pemasok & kurangnya Anggaran yang diberikan,Menjamin ketersediaan sumber daya,Klausul 7.1 : Dukungan - Penyediaan Sumber Daya,Mencari alternatif pemasok & mengajukan penambahan anggaran,✓,,keterlambatan = Permintaan yg Terlambat / Permintaan total x 100%,,
25,NELWAN TOPAN FIRDAUS,Perencanaan,7,"Pada saat audit internal ditemukan bahwa dokumen eksternal yang digunakan sebagai acuan dalam Business Continuity Plan (BCP), berupa Prosedur Pemulihan Layanan dari penyedia Data Center/Disaster Recovery Center (DRC), belum dikendalikan sebagai informasi terdokumentasi BCMS. Dokumen tersebut digunakan oleh tim pemulihan sebagai acuan pada saat gangguan, namun belum tercatat dalam Daftar Induk Dokumen Eksternal dan belum terdapat mekanisme untuk memastikan status revisi, distribusi, serta pembaruannya.",Unit Pengelola BCMS / Tim IT Recovery,Belum terdapat penetapan PIC dan mekanisme khusus untuk mengidentifikasi serta memonitor dokumen eksternal yang digunakan dalam BCMS. Prosedur pengendalian dokumen yang berlaku lebih berfokus pada dokumen internal sehingga dokumen dari vendor/penyedia layanan belum dimasukkan secara konsisten ke dalam Daftar Induk Dokumen BCMS.,"Berdasarkan pemeriksaan terhadap Daftar Induk Dokumen BCMS, dokumen Prosedur Pemulihan Layanan dari penyedia DRC tidak tercatat sebagai dokumen eksternal yang dikendalikan. Pada folder kerja Tim IT Recovery ditemukan salinan prosedur tersebut yang digunakan sebagai referensi operasional, namun dokumen tidak mencantumkan status pengendalian internal dan tidak terdapat rekaman pemeriksaan berkala yang memastikan bahwa dokumen tersebut merupakan versi yang masih berlaku. Hasil wawancara dengan PIC menunjukkan bahwa pembaruan dokumen selama ini hanya dilakukan apabila penyedia layanan mengirimkan informasi perubahan melalui email.","ISO 22301:2019 Klausul 7.5.3.1 dan 7.5.3.2 – Control of Documented Information. Informasi terdokumentasi yang diperlukan BCMS harus dikendalikan agar tersedia dan sesuai ketika diperlukan serta terlindungi. Pengendalian mencakup distribusi, akses, retrieval/pengambilan, penggunaan, penyimpanan, pengendalian perubahan, retensi dan pemusnahan. Informasi terdokumentasi yang berasal dari pihak eksternal dan diperlukan dalam perencanaan maupun pengoperasian BCMS juga harus diidentifikasi dan dikendalikan.","Mendaftarkan Prosedur Pemulihan Layanan DRC tersebut ke dalam Daftar Induk Dokumen Eksternal dan melakukan konfirmasi kepada penyedia DRC mengenai versi dokumen yang berlaku. Mengganti salinan yang tidak terkendali dengan versi yang telah diverifikasi. Corrective Action: Memperbarui prosedur pengendalian dokumen BCMS dengan menambahkan mekanisme pengendalian dokumen eksternal, meliputi penetapan PIC, sumber dokumen, nomor/revisi, tanggal berlaku, lokasi penyimpanan, hak akses, dan frekuensi review. Selanjutnya dilakukan review berkala, misalnya setiap 6 bulan atau setiap terdapat pemberitahuan perubahan dari penyedia layanan.",,✓,"Menambahkan kolom “Tanggal Review Terakhir”, “Tanggal Review Berikutnya”, “Status Revisi”, dan “PIC” pada Daftar Induk Dokumen Eksternal BCMS serta menerapkan reminder otomatis atau notifikasi berkala kepada PIC untuk melakukan verifikasi kepada penyedia layanan.",,
26,WISDA NORMA INGGITA,Perencanaan,8,"Sarana continuity (Genset, UPS) tersedia, namun kesiapan operasionalnya belum diverifikasi secara berkala",UP3 / UP2D / ULP ,"Belum terdapat mekanisme dan jadwal pengujian kesiapan sarana continuity (Genset, UPS) yang konsisten","Tersedia genset / UPS, namun belum terdapat bukti pengujian fungsi atau simulasi penggunaan secara berkala",SNI ISO 22301:2019 Klausul 8.3 - Strategi dan Solusi Kelangsungan Usaha,"Melakukan uji fungsi, mendokumentasikan hasilnya, menetapkan PIC dan jadwal pengujian berkala, serta memasukkan pengujian dalam Program Pengujian dan Simulasi / Testing & Exercise (Klausul 8.5)","Sarana tidak siap/tidak berfungsi, sehingga saat terjadi gangguan PLN berpotensi tidak dapat menjalankan proses pemulihan sesuai target recovery time",✓,"Sarana sudah tersedia, berfungsi, diuji, dan persyaratan sudah terpenuhi, tetapi masih ada peluang untuk meningkatkan cara pengujian atau monitoringnya","Ditemukan pada saat audit di PLN UID Banten/UP3/UP2D/ULP, bahwa sarana pendukung kelangsungan usaha berupa genset dan UPS telah tersedia, namun dari hasil pemeriksaan terhadap dokumen pemeliharaan dan pengujian tidak ditemukan bukti pengujian fungsi secara berkala untuk memastikan kesiapan sarana tersebut pada saat terjadi gangguan. Hal ini tidak sesuai dengan ISO 22301:2019 Klausul 8.3 tentang Strategi dan Solusi Kelangsungan Usaha.",
27,LENY WIDYASTUTI,Perencanaan,9,"Ditemukan bahwa waktu penanganan respon dan pemulihan gangguan telah dilakukan, namun hasil monitoring belum seluruhnya dianalisis dan dievaluasi terhadap target yang telah ditetapkan",UP3,"Mekanisme monitoring yang diterapkan masih berfokus pada pencatatan waktu respon dan pemulihan, sementara proses analisis pencapaian target dan tindak lanjut belum ditetapkan secara konsisten","Menyempurnakan format monitoring gangguan dengan menambahkan kolom target waktu, realisasi, gap, analisis penyebab, tindakan perbaikan, PIC, dan target penyelesaian, serta melakukan review secara berkala oleh penanggung jawab BCMS/atasan terkait",ISO 22301:2019 Klausul 9.1,"melakukan evaluasi terhadap gangguan dengan menganalisis penyebab, tindakan perbaikan, dan target penyelesaian, serta melakukan review secara berkala",,✓,,,
28,DEWI HANA,Perencanaan,10,,,,,,,,,,,
29,BAGAS SEPTIAN PAMUNGKAS,Perencanaan,4,"Pada saat audit internal ditemukan bahwa dalam konteksi internal, Aplikasi PLN Mobile saat ini menjadi satu-satunya gerbang transaksi untuk charging mobil EV",PLN UP3,"Jika server pusat mengalami bottleneck/gangguan, seluruh transaksi SPKLU akan terdampak secara bersamaan",Menjamin keberlangsungkan koneksi/sinkronisasi,Klausul 4.1 Isu Internal,Menetapkan RTO (Waktu Pemulihan) yang sangat singkat,✓,,,,
30,NOVRIDAYANTI GULTOM,Perencanaan,5,"Kebijakan BCMS telah ditetapkan dan terdokumentasi, namun belum seluruh pegawai dapat menunjukkan pemahaman terhadap kebijakan tersebut.",PLN UP3,Sosialisasi hanya dilakukan saat awal implementasi BCMS dan belum menjadi bagian dari program awareness berkala,"Dari sampling wawancara 5 pegawai 2 mengetahui kebijakan BCMS, 3 tidak mengetahui kebijakan BCMS",Klausal 5.2 Pernyataan resmi dan tertulis dari pimpinan puncak yang menjadi acuan atau landasan hukum internal mengenai bagaimana organisasi menjaga kelangsungan usahanya saat krisis,Melakukan sosialisasi ulang kepada seluruh pegawai,,✓,,,
31,FITRI ARIYANI,Perencanaan ,6,Realisasi Pengadaan Barang dan Jasa tidak sesuai dengan Dokumen Rencana Pengadaan (DRP) ,UP3,Adanya beberapa Pengadaan barang dan jasa yang tidak sesuai dengan usulan DRP menyebabkan adanya perhitungan anggaran yang kurang tepat,Menjamin komitmen user pengadaan terhadad DRP,"Klausul 6.2 Sasaran yang jelas, terukur, dan berjangka waktu yang ditetapkan organisasi untuk memastikan Sistem Manajemen Kelangsungan Usaha (SMKU) berjalan ",Membuat SOP sebelum mengajukan pengadaan nilai RAB dan pekerjaannya agar disamakan dengan usulan yang sudah ada di DRP,,✓,,,